url,title,published,file
https://www.ecofinagency.com/telecom/3003-43499-,Liquid Intelligent acquires Google's fiber pair to improve offers,2022-03,2022-03-01 Liquid Intelligent acquires Google's fiber pair to improve offers.md
https://theconversation.com/undersea-cables-for-africas-internet-retrace-history-225912,Undersea cables for Africa's internet retrace history and leave digital gaps as they connect continents,2024-03-15,2024-03-15 Undersea cables for Africa's internet retrace history and leave digital gaps as they connect continents.md
https://documents1.worldbank.org/curated/en/099050524041520240/txt/P5050951dae66d0e1bc631717e7e7a4e70.txt,"Digital Malawi Acceleration Project (DMAP) (P505095) — Project Information Document, Appraisal Stage (Report No: PIDIA00549)",2024-05-05,2024-05-05-dmap-world-bank-appraisal-pid.md
https://www.wearetech.africa/en/fils-uk/news/nigeria-police-cybercrime-unit-recovers-funds-named-best-in-africa-by-interpol,"Nigeria Police Cybercrime Unit Recovers Funds, Named Best in Africa by INTERPOL",2025-01-09,2025-01-09-nigeria-police-cybercrime-unit-interpol.md
https://techcabal.com/2025/01/14/aws-accepts-naira-payments,Competition in the clouds: AWS will now accept naira payments,2025-01-14,2025-01-14-aws-accepts-naira-payments.md
https://documents1.worldbank.org/curated/en/099012025023033676/txt/P505094-630a5ef9-d23a-4221-b7c8-397c94a90b4d.txt,Project Information Document (Appraisal Stage): Digital Zambia Acceleration Project - DZAP (P505094),2025-01-20,2025-01-20 PID Appraisal Stage - Digital Zambia Acceleration Project (P505094).md
https://techcabal.com/2025/01/20/ncc-approves-tariff-increase,NCC approves 50% tariff increase for Nigerian telcos,2025-01-20,2025-01-20-ncc-approves-50-percent-tariff-increase.md
https://techcabal.com/2025/01/23/moniepoint-visa-investment,Visa makes strategic investment in Nigerian unicorn Moniepoint,2025-01-23,2025-01-23-visa-strategic-investment-moniepoint.md
https://www.standardmedia.co.ke/article/2001510332/local-isps-now-feel-the-heat-as-starlink-doubles-market-share,Local ISPs now feel the heat as Starlink doubles market share,2025-01-25,2025-01-25-isps-starlink-doubles-market-share-standard.md
https://techcabal.com/2025/01/29/nigeria-telcos-lost-11-3-billion,Nigeria telecom operators lost $11.3 billion over 11-year tariff delay,2025-01-29,2025-01-29-telcos-lost-11-billion-tariff-delay.md
https://www.itedgenews.africa/sierra-leone-partners-with-starlink-to-expand-university-internet/,Sierra Leone partners with Starlink (via ELCOME SL) to expand university Internet,2025-01-31,2025-01-31-starlink-university-internet-elcome.md
https://www.sundaystandard.info/elon-musks-starlink-an-existential-threat-to-local-telecoms-sector/,Elon Musk's Starlink an existential threat to local telecoms sector?,2025-02-05,2025-02-05-starlink-existential-threat-to-local-telecoms.md
https://www.wearetech.africa/en/fils-uk/news/public-management/benin-explores-starlink-for-internet-access,Benin Explores Starlink for Internet Access,2025-02-07,2025-02-07-wearetech-benin-explores-starlink.md
https://techcabal.com/2025/02/19/microsoft-pledges-1m,Microsoft pledges $1M to train 1M Nigerians in AI skills,2025-02-19,2025-02-19-microsoft-pledges-1m-ai-training.md
https://realequatorialguinea.com/sociedad/la-empresa-starlink-de-eeuu-desea-implantarse-en-guinea-ecuatorial-para-mejorar-la-conectividad-a-internet/,La empresa Starlink de EEUU desea implantarse en Guinea Ecuatorial para mejorar la conectividad a Internet,2025-02-21,2025-02-21-starlink-implantarse-conectividad-reg.md
https://rstp.st/2025/02/24/empresa-starlink-de-elon-musk-pretende-investir-em-stp-trazendo-internet-de-alta-qualidade/,"Empresa ""Starlink"" de Elon Musk pretende investir em STP trazendo internet de alta qualidade",2025-02-24,2025-02-24-starlink-pretende-investir-stp-eua.md
https://www.lesahel.org/entretien-accorde-a-la-rtn-par-le-ministre-de-la-communication-des-postes-et-de-leconomie-numerique-m-sidi-mohamed-raliou-nous-sommes-en-train-de-construire-un-data-center/,"Entretien du ministre Sidi Mohamed Raliou (Communication, Postes, Économie Numérique) : construction d'un Data Center national, réception prévue au plus tard le 30 septembre",2025-03-04,2025-03-04-minister-raliou-national-data-center-interview-lesahel.md
https://techcabal.com/2025/03/10/starlink-now-nigerias-second,Starlink now Nigeria's second largest internet service provider,2025-03-10,2025-03-10-starlink-second-largest-isp.md
https://www.connectingafrica.com/connectivity/starlink-faces-opposition-in-lesotho,Section 2 opposes Starlink Lesotho licence over 100% foreign ownership,2025-03-11,2025-03-11-starlink-opposition-section2-connectingafrica.md
https://techcabal.com/2025/03/12/digital-transformation-ipnx-secures-partnership-with-abia-state-government-to-provide-connectivity-and-managed-network-services,Digital Transformation: ipNX Secures Partnership with Abia State Government,2025-03-12,2025-03-12-ipnx-abia-state-connectivity.md
https://www.telecomreviewafrica.com/articles/telecom-operators/11357-botswana-enters-space-race-with-botsat-1-launch/,Botswana Enters Space Race with BOTSAT-1 Launch,2025-03-13,2025-03-13-botsat-1-launch-telecomreviewafrica.md
https://www.actuniger.com/technologie/20854-starlink-enfin-disponible-officiellement-au-niger-lespoir-dune-connexion-fiable-et-rapide-devient-realite.html,Starlink enfin disponible officiellement au Niger,2025-03-13,2025-03-13-starlink-officially-available-niger-actuniger.md
https://www.connectingafrica.com/connectivity/starlink-beams-into-niger,Starlink beams into Niger,2025-03-17,2025-03-17-starlink-beams-into-niger-connectingafrica.md
https://www.telecomreviewafrica.com/articles/general-news/11399-starlink-launches-services-in-niger-and-secures-operating-license-in-chad/,Starlink Launches Services in Niger and Secures Operating License in Chad,2025-03-19,2025-03-19-starlink-license-chad-launch-niger.md
https://2424.mg/telecommunication-linternet-par-satellite-a-deployer-dans-dix-zones-enclavees-dans-le-cadre-du-projet-decim-et-de-la-politique-rse-de-starlink/,Internet par satellite à déployer dans dix zones enclavées (projet DECIM et RSE de Starlink),2025-03-20,2025-03-20-starlink-decim-dix-zones-enclavees-2424.md
https://carnegieendowment.org/research/2025/04/,Beneath the Waves: Addressing Vulnerabilities in Africa's Undersea Digital Infrastructure,2025-04-03,2025-04-03 Beneath the Waves Addressing Vulnerabilities in Africa's Undersea Digital Infrastructure.md
https://arn.gw/arn-tic-concede-autorizacao-geral-provisoria-a-starlink-guine-bissau/,ARN-TIC concede Autorização Geral Provisória à Starlink Guiné-Bissau,2025-04-10,2025-04-10 ARN-TIC grants Starlink Guinea-Bissau provisional authorization.md
https://www.hiiraan.com/news4/2025/Apr/201121/starlink_launches_in_somalia_expanding_satellite_internet_to_underserved_regions.aspx,"Starlink launches in Somalia, expanding satellite internet to underserved regions",2025-04-14,2025-04-14-starlink-license-somalia.md
https://publiceyenews.com/2025/04/22/mixed-reactions-over-starlink-license/,LCA grants Starlink first satellite internet licence; Vodacom appeals for local shareholding,2025-04-22,2025-04-22-starlink-licence-mixed-reactions-publiceye.md
https://techcabal.com/2025/04/29/cbn-launches-open-banking/,Nigeria's open banking to launch in August after four-year wait (CBN approval),2025-04-29,2025-04-29-cbn-open-banking-august-launch.md
https://actualite.cd/2025/05/02/rdc-starlink-obtient-une-licence-officielle-pour-operer-comme-fournisseur-dacces,RDC : Starlink obtient une licence officielle pour opérer comme fournisseur d’accès à internet,2025-05-02,2025-05-02-starlink-licence-officielle-actualite.md
https://actualite.cd/2025/05/05/acaj-salue-lhomologation-de-la-firme-americaine-starlink-pour-mettre-fin-aux-abus-de,ACAJ salue l'homologation de la firme américaine Starlink “pour mettre fin aux abus de monopole des opérateurs actuels”,2025-05-05,2025-05-05-acaj-salue-homologation-starlink-actualite.md
https://www.mwananchi.co.tz/mw/habari/kitaifa/airtel-yatangaza-kushirikiana-na-spacex-kuleta-mtandao-wa-starlink-barani-afrika-5030464,Airtel yatangaza kushirikiana na SpaceX kuleta mtandao wa Starlink barani Afrika,2025-05-06,2025-05-06-airtel-spacex-starlink-afrika.md
https://www.lesahel.org/lancement-officiel-des-activites-de-distribution-des-kits-starlink-par-ninetec-garantir-une-connexion-internet-fiable-accessible-partout-et-a-moindre-cout/,Lancement officiel des activités de distribution des kits Starlink par NINETEC (campagne NINE-Starlink),2025-05-06,2025-05-06-ninetec-nine-starlink-kit-distribution-lesahel.md
https://techcabal.com/2025/05/09/investments-and-securities-act-nigeria-2025/,What the Investments and Securities Act 2025 means for Nigeria's crypto ecosystem,2025-05-09,2025-05-09-isa-2025-crypto-securities.md
https://actualite.cd/2025/05/21/en-rdc-la-jeunesse-veut-etre-consideree-sa-juste-valeur-dans-la-mise-en-oeuvre-des,"En RDC, la jeunesse veut être considérée à sa juste valeur dans la mise en œuvre des politiques publiques en vue de créer et proposer des solutions numériques devant contribuer au développement du pays",2025-05-21,2025-05-21-forum-jeunes-gouvernance-internet-actualite.md
https://technomag.co.zw/570-institutions-receive-data-controllers-licences-to-bolster-digital-trust-and-compliance/,570 Institutions Receive Data Controllers Licences to Bolster Digital Trust and Compliance,2025-06-06,2025-06-06-570-institutions-data-controller-licences.md
https://techcabal.com/2025/06/10/inside-itana-nigerias-first-digital-free-zone/,"Inside Itana, Nigeria's first digital free zone",2025-06-10,2025-06-10-itana-first-digital-free-zone.md
https://techcabal.com/2025/06/11/mtn-uganda-spin-off-fintech/,MTN Uganda to spin off mobile money unit into a standalone fintech,2025-06-11,2025-06-11-mtn-uganda-spin-off-momo-fintech.md
https://techcabal.com/2025/06/11/new-ussd-billing-model-charges/,"NCC, CBN approve new USSD End User Billing model, ending telco-bank dispute",2025-06-11,2025-06-11-ussd-end-user-billing-model.md
https://technomag.co.zw/econets-fintech-comeback-pays-off-as-group-posts-strong-growth/,Econet's Fintech Comeback Pays Off as Group Posts Strong Growth,2025-06-12,2025-06-12-econet-fintech-comeback-ecocash-growth.md
https://alwatwan.net/societe/d%C3%A9ploiement-de-starlink-i-les-autorit%C3%A9s-interdisent-son-usage-pour-l%E2%80%99instant.html,Déploiement de Starlink : les autorités interdisent son usage pour l'instant,2025-06-13,2025-06-13-starlink-banned-pending-licence-anrtic-alwatwan.md
https://www.connectingafrica.com/connectivity/starlink-enters-guinea-bissau,Starlink enters Guinea-Bissau,2025-06-19,2025-06-19 Starlink enters Guinea-Bissau.md
https://itweb.africa/article/nigeria-joins-race-to-deploy-direct-to-device-satellite-connectivity/5yONP7Erb3QMXWrb,Nigeria (NASRDA) partners China's Galaxy Space to deploy direct-to-device satellite connectivity,2025-06-20,2025-06-20-nasrda-galaxy-space-d2d-satellite.md
https://techcabal.com/2025/06/20/uganda-tech-sector-bride-dowry/,"Uganda's tech sector has 'prepared the bride,' now it wants a dowry (Investor Summit)",2025-06-20,2025-06-20-uganda-tech-sector-investor-summit.md
https://actualite.cd/2025/06/22/rdc-le-gouvernement-appele-redoubler-defforts-pour-reduire-la-fracture-numerique-en,RDC : le gouvernement appelé à redoubler d’efforts pour réduire la fracture numérique en rendant Internet accessible à une plus grande partie de la population,2025-06-22,2025-06-22-tshisekedi-fracture-numerique-conseil-ministres-actualite.md
https://techcabal.com/2025/06/26/starlink-in-zimbabwe/,"Starlink in Zimbabwe: hype in cities, silence in rural areas",2025-06-26,2025-06-26-starlink-hype-cities-silence-rural.md
https://techcabal.com/2025/06/30/anambra-builds-ai-model/,"Anambra builds AI model (SmartGov Suite) to track local government spending, identify ghost workers",2025-06-30,2025-06-30-anambra-ai-smartgov-lg-spending.md
https://lestimes.com/?p=87368,Starlink officially launches in Lesotho via T-Connect reseller,2025-06-30,2025-06-30-starlink-launch-tconnect-lestimes.md
https://techcabal.com/2025/06/30/wave-raises-137-milion/,Wave raises $137 million in debt to expand mobile money services across Africa,2025-06-30,2025-06-30-techcabal-wave-137m-debt.md
https://www.namibiansun.com/technology/theofelus-starlinks-ownership-exemption-bid-under-review2025-07-01161844,Theofelus: Starlink's ownership exemption bid under review,2025-06-30,2025-06-30-theofelus-starlink-ownership-exemption-under-review-namibiansun.md
https://publiceyenews.com/2025/07/01/starlink-blasts-off-in-lesotho/,Starlink launches in Lesotho amid sovereignty and surveillance concerns,2025-07-01,2025-07-01-starlink-launch-publiceye.md
https://www.eyeradio.org/nca-reports-huge-internet-growth-in-south-sudan/,NCA reports huge internet growth in South Sudan (1.3m to 1.9m users; penetration 12% to 15.7%),2025-07-03,2025-07-03-nca-internet-growth-figures-eyeradio.md
https://techcabal.com/2025/07/03/sim-registration-halted-as-nimc-migrates/,SIM registration halted as NIMC migrates to new identity platform,2025-07-03,2025-07-03-sim-registration-halted-nimc-migration.md
https://tchadinfos.com/2025/07/05/les-services-des-starlink-desormais-disponibles-au-tchad/,Les services de Starlink désormais disponibles au Tchad,2025-07-05,2025-07-05-tchadinfos-starlink-services-disponibles.md
https://www.wearetech.africa/en/fils-uk/news/public-management/burkina-faso-explores-digital-partnership-with-the-united-states,Burkina Faso Explores Digital Partnership with the United States,2025-07-08,2025-07-08-burkina-faso-explores-digital-partnership-united-states.md
https://www.fratmat.info/article/2635241/economie/deploiement-de-la-5g-en-cote-divoire-bientot-la-connectivite-a-la-technologie,Déploiement de la 5G en Côte d'Ivoire : Bientôt la connectivité à la technologie,2025-07-10,2025-07-10-deploiement-5g-cote-divoire-fratmat.md
https://standard.gm/govt-taking-due-diligence-despite-us-pressure-for-starlinks-license/,Gov't taking due diligence despite US pressure for Starlink's license,2025-07-10,2025-07-10-govt-due-diligence-us-pressure-starlink-standard.md
https://www.businessday.co.za/bd/national/2025-07-21-payments-reform-on-the-cards-as-reserve-bank-draws-up-draft-law/,Payments reform on the cards as Reserve Bank draws up draft law,2025-07-21,2025-07-21-sarb-payments-reform-draft-law.md
https://www.techzim.co.zw/2025/07/starlink-kits-for-local-authorities-zimbabwe/,Govt Donates 250 Starlink Kits to Local Authorities,2025-07-24,2025-07-24-govt-donates-250-starlink-kits-local-authorities.md
https://itweb.africa/article/recently-launched-paratus-eswatini-aims-to-drive-starlink-business-tech-adoption/j5alr7QAOeQ7pYQk,Recently launched Paratus Eswatini aims to drive Starlink Business tech adoption,2025-07-30,2025-07-30-paratus-eswatini-drives-starlink-business-adoption.md
https://techcabal.com/2025/07/31/sierra-leone-tech-ambitions/,"Access to internet should be a basic human right"": Minister Salima Bah on Sierra Leone's tech ambition",2025-07-31,2025-07-31-salima-bah-tech-ambition-interview.md
https://www.hiiraan.com/news4/2025/Aug/202463/starlink_launches_in_somalia_bringing_satellite_internet_to_rural_areas_and_narrowing_the_digital_divide.aspx,"Starlink launches in Somalia, bringing satellite internet to rural areas and narrowing the digital divide",2025-08-05,2025-08-05-starlink-launches-somalia-rural.md
https://techcabal.com/2025/08/21/csquared-bets-125m-on-fibre-superhighways-across-africa/,CSquared bets $125m on fibre superhighways across Africa (Uganda-founded),2025-08-21,2025-08-21-csquared-125m-fibre-superhighways.md
https://tchadinfos.com/2025/08/28/tchad-le-gouvernement-fixe-les-conditions-dutilisation-des-services-starlink/,Tchad : le gouvernement fixe les conditions d'utilisation des services Starlink,2025-08-28,2025-08-28-tchadinfos-arrete-conditions-utilisation-starlink.md
https://www.agenceecofin.com/actualites-numerique/2908-131059-deploiement-de-la-fibre-optique-la-guinee-bissau-veut-apprendre-du-tchad,Fibre-optic deployment - Guinea-Bissau wants to learn from Chad,2025-08-29,2025-08-29 Fibre-optic deployment - Guinea-Bissau wants to learn from Chad.md
https://actualite.cd/2025/08/31/la-rdc-se-lance-dans-un-projet-dacquisition-dun-satellite-cout-estime-400-millions-de,"La RDC se lance dans un projet d’acquisition d’un satellite, coût estimé à 400 millions de dollars",2025-08-31,2025-08-31-projet-acquisition-satellite-monacosat-actualite.md
https://afriqueitnews.com/tech-media/tchad-ordonne-operateurs-connecter-reseau-national-fibre-optique/,Le Tchad ordonne aux opérateurs de se connecter au réseau national de fibre optique,2025-09-02,2025-09-02-afriqueitnews-operateurs-connecter-fibre-nationale.md
https://www.actuniger.com/societe/21307-niger-larcep-declare-la-guerre-aux-wifi-zones-pirates-utilisant-starlink.html,Niger : l'ARCEP déclare la guerre aux « Wifi Zones » pirates utilisant Starlink,2025-09-09,2025-09-09-arcep-crackdown-pirate-starlink-wifi-zones-actuniger.md
https://www.connectingafrica.com/connectivity/unreliable-connectivity-impacts-burundi-s-citizens,Unreliable connectivity impacts Burundi's citizens,2025-09-10,2025-09-10-unreliable-connectivity-impacts-burundi-citizens.md
https://publiceyenews.com/2025/09/12/bridging-the-digital-divide-first-community-hotspots-transform-lesothos-rural-villages/,"T-Connect hands over first Starlink community hotspots in Matsieng, Thaba Bosiu, Mokhotlong",2025-09-12,2025-09-12-tconnect-community-hotspots-publiceye.md
https://techcabal.com/2025/09/15/starlink-halts-new-orders-in-lagos-abuja-over-congestion/,Starlink pauses new orders in parts of Lagos and Abuja over congestion,2025-09-15,2025-09-15-starlink-halts-orders-congestion.md
https://expressodasilhas.cv/economia/2025/09/18/starlink-conquista-02-do-mercado-da-internet-em-9-meses/99028,"Starlink conquista 0,2% do mercado da internet em 9 meses",2025-09-18,2025-09-18-starlink-conquista-02-mercado-internet-arme-q2-2025-expressodasilhas.md
https://techcabal.com/2025/09/22/m-pesa-core-upgrade-complete/,Safaricom completes M-PESA's biggest upgrade in a decade,2025-09-22,2025-09-22-mpesa-biggest-upgrade-decade-techcabal.md
https://www.hiiraan.com/news4/2025/Sept/203052/astaanconnect_becomes_somalia_s_first_official_starlink_reseller.aspx,AstaanConnect becomes Somalia's first official Starlink reseller,2025-09-24,2025-09-24-astaanconnect-starlink-reseller.md
https://www.digitalbusiness.africa/internet-tchad-starlink-pourrait-passer-de-fai-a-operateur-telecom/,Internet/Tchad : Starlink pourrait passer de FAI à opérateur télécom,2025-09-29,2025-09-29-digitalbusiness-starlink-fai-vers-operateur-telecom.md
https://techafricanews.com/2025/09/29/smart-zambia-brings-starlink-internet-to-remote-moomba-chiefdom/,Smart Zambia Brings Starlink Internet to Remote Moomba Chiefdom,2025-09-29,2025-09-29-smart-zambia-starlink-moomba-chiefdom.md
https://www.adiac-congo.com/content/communications-electroniques-larpce-renforce-son-expertise-sur-les-satellites-de,Communications électroniques : l'ARPCE renforce son expertise sur les satellites de télécommunications,2025-10-04,2025-10-04-arpce-expertise-satellites-leo-eutelsat-oneweb-ldb.md
https://techcabal.com/2025/10/08/nigerias-telcos-hit-by-19000-fibre-cuts-in-eight-months/,"Nigeria's telcos hit by 19,000 fibre cuts in eight months (NCC)",2025-10-08,2025-10-08-ncc-19000-fibre-cuts-eight-months.md
https://techcabal.com/2025/10/08/uganda-digital-infrastructure-karamoja/,"Uganda's $5.5 billion digital project to link farms, mines, factories (with CBDC pilot)",2025-10-08,2025-10-08-uganda-5-5bn-digital-project-cbdc-shilling.md
https://techcabal.com/2025/10/10/comesa-payment-system-trade-local-currencies/,21-nation COMESA bloc launches digital payment system to settle trade in local currencies,2025-10-10,2025-10-10-comesa-digital-retail-payments-platform.md
https://www.ecofinagency.com/news-digital/1310-49501-somalia-moves-to-finalize-digital-transformation-strategy-with-itu-support,Somalia moves to finalize Digital Transformation Strategy 2025-2030 with ITU support,2025-10-13,2025-10-13 Somalia moves to finalize Digital Transformation Strategy 2025-2030 with ITU support.md
https://www.hiiraan.com/news4/2025/Oct/203323/somalia_s_internet_users_soar_to_10_7_million_as_starlink_and_digital_strategy_fuel_expansion.aspx,Somalia's internet users soar to 10.7 million as Starlink and digital strategy fuel expansion,2025-10-16,2025-10-16-somalia-internet-users-10-7-million.md
https://www.toumaiwebmedias.com/assemblee-nationale-adoption-de-la-loi-sur-la-regulation-des-communications-electroniques-et-des-activites-postales/,Assemblée nationale : Adoption de la loi sur la régulation des communications électroniques et des activités postales,2025-10-22,2025-10-22-toumaiwebmedias-ratification-ordonnance-011-pr-2025-communications-electroniques.md
https://actualite.cd/2025/10/27/rdc-vers-lorganisation-des-etats-generaux-des-secteurs-des-postes-et-des,RDC : Vers l'Organisation des etats généraux des secteurs des postes et des télécommunications pour booster l'investissement privé et assurer la connectivité du territoire national,2025-10-27,2025-10-27-etats-generaux-postes-telecoms-actualite.md
https://techcabal.com/2025/11/10/equinix-to-build-22-million-data-centre-in-lagos/,Equinix to build $22 million LG3 data centre in Lagos,2025-11-10,2025-11-10-equinix-lg3-22m-lagos-data-centre.md
https://techcabal.com/2025/11/11/nigerias-digital-economy-bill-hands-sweeping-powers-to-nitda/,Nigeria's National Digital Economy and E-Governance Bill hands sweeping powers to NITDA,2025-11-11,2025-11-11-digital-economy-egovernance-bill-nitda.md
https://techcabal.com/2025/11/13/how-a-small-country-is-tackling-big-payments-challenges/,Inside Eswatini: How a small country is tackling big payments challenges,2025-11-13,2025-11-13-inside-eswatini-tackling-big-payments-challenges.md
https://techcabal.com/2025/11/20/nigerias-ai-bill-puts-control-first-but-at-what-cost-to-innovation/,"Nigeria's AI bill puts control first, but at what cost to innovation?",2025-11-20,2025-11-20-nigeria-ai-bill-control-innovation.md
https://techcabal.com/2025/12/08/nigerias-data-centre-capacity-set-to-explode-6x-to-400mw-by-2030-adding-us17m-to-economic-growth-per-us10m-project-and-positioning-country-as-west-africas-digital-gateway/,Nigeria's data centre capacity set to grow 6x to 400MW by 2030 (Verraki report),2025-12-08,2025-12-08-data-centre-capacity-400mw-2030-verraki.md
https://spaceinafrica.com/2025/12/11/starlink-begins-service-in-sao-tome-and-principe/,Starlink Begins Service in São Tomé and Príncipe,2025-12-11,2025-12-11-starlink-begins-service-stp.md
https://www.dailymaverick.co.za/article/2025-12-12-malatsi-issues-directive-to-bypass-icasacasa-bee-deadlock-and-clear-starlink-for/,Malatsi issues directive to bypass Icasa BEE deadlock and clear Starlink for landing,2025-12-12,2025-12-12-malatsi-directive-bypass-icasa-bee-starlink.md
https://www.reuters.com/world/africa/south-africa-eases-ownership-rules-opening-door-starlink-other-foreign-operators-2025-12-12/,"South Africa eases ownership rules, opening door for Starlink and other foreign operators | Reuters",2025-12-12,2025-12-12-sa-eases-ownership-rules-starlink.md
https://techcabal.com/2025/12/19/how-egypts-startup-ecosystem-fared-in-2025/,How Egypt's startup ecosystem performed in 2025 (Egypt Startup Charter; $524m H2),2025-12-19,2025-12-19-egypt-startup-ecosystem-2025-charter-techcabal.md
https://primature.cf/2025/12/19/starlink-en-rca-un-partenariat-pour-booster-economie-et-leducation/,Starlink en RCA — un partenariat pour booster l'économie et l'éducation (signature de la convention),2025-12-19,2025-12-19-starlink-convention-signing-primature-cf.md
https://corbeaunews-centrafrique.org/internet-par-satellite-debarque-en-centrafrique-avec-larrivee-de-starlink/,Internet par satellite débarque en Centrafrique avec l'arrivée de Starlink,2025-12-21,2025-12-21-starlink-arrival-us-embassy-brokered-corbeaunews.md
https://techafricanews.com/2025/12/22/a-new-era-of-connectivity-starlink-officially-enters-the-central-african-republic/,A New Era of Connectivity: Starlink Officially Enters the Central African Republic,2025-12-22,2025-12-22-starlink-officially-enters-car-techafricanews.md
https://www.newvision.co.ug/category/news/army-warns-against-starlink-internet-as-ura-r-NV_225064_052026,Army warns against Starlink internet as URA restricts component importation,2025-12-23,2025-12-23-army-warns-starlink-ura-restricts-imports.md
https://afriqueitnews.com/tech-media/tchad-parlement-modernise-cadre-juridique-communications-electroniques/,Tchad : le Parlement modernise le cadre juridique des communications électroniques,2025-12-26,2025-12-26-afriqueitnews-parlement-cadre-juridique-communications.md
https://techcabal.com/2025/12/31/starlink-new-biometric-update-for-nigerians/,"Nigeria extends SIM-style biometric rules to Starlink subscribers (66,000 users)",2025-12-31,2025-12-31-starlink-biometric-66000-subscribers.md
https://www.techinafrica.com/starlink-partners-airtel-vodacom-rival-ally/,Starlink Partners with Airtel & Vodacom: From Rival to Ally,2026-01-01,2026-01-01 Starlink Partners with Airtel & Vodacom From Rival to Ally.md
https://techafricanews.com/2026/07/17/us-expands-cote-divoire-tech-footprint-with-starlink-approval-and-170m-data-centre-project/,"US EXIM Bank — Côte d'Ivoire sovereign data centre and digitisation, 2026",2026-01-01,2026-01-01-exim-bank-usa-civ-2026-cybastion-sovereign-data-centre-bw15.md
https://www.newvision.co.ug/category/science/why-starlink-accepted-ugandas-request-to-bloc-NV_225713_032026,Why Starlink accepted Uganda's request to block illegal users,2026-01-06,2026-01-06-starlink-accepts-uganda-request-block-illegal-users.md
https://techcabal.com/2026/01/07/how-ethiopia-somalia-and-djibouti-building-africas-digital-powerhouses/,"Why Ethiopia, Somalia and Djibouti are starting to matter in digital Africa",2026-01-07,"2026-01-07 Why Ethiopia, Somalia and Djibouti are starting to matter in digital Africa.md"
https://techcabal.com/2026/01/07/kenya-tech-future-nairobi-monopoly/,Kenya's tech future is no longer a Nairobi monopoly,2026-01-07,2026-01-07-kenya-tech-future-no-longer-nairobi-techcabal.md
https://techcabal.com/2026/01/12/nigeria-crypto-tax-tin-nin/,"Nigeria ties crypto to tax via TIN and NIN (NTAA 2025, aligning with OECD CARF)",2026-01-12,2026-01-12-tin-nin-crypto-tax-carf.md
https://itweb.africa/article/spacecoin-strikes-major-deals-to-launch-satellite-internet/nWJadMbNzjxMbjO1,Spacecoin strikes major deals to launch satellite internet,2026-01-13,2026-01-13 Spacecoin strikes major deals to launch satellite internet.md
https://www.connectingafrica.com/connectivity/amazon-leo-secures-landing-permit-in-nigeria,Amazon Leo secures landing permit in Nigeria,2026-01-15,2026-01-15 Amazon Leo secures landing permit in Nigeria.md
https://publiceyenews.com/2026/01/17/digital-dawn-in-the-highlands/,"T-Connect Impact launches Starlink connectivity for schools and clinics at Soofia, Butha-Buthe",2026-01-17,2026-01-17-tconnect-impact-soofia-school-publiceye.md
https://www.actuniger.com/societe/21684-connectivite-et-innovation-airtel-niger-lance-sa-solution-starlink-by-airtel-pour-plus-dinternet-aux-usagers.html,Connectivité et Innovation : Airtel Niger lance sa solution « Starlink by Airtel »,2026-01-18,2026-01-18-airtel-niger-starlink-by-airtel-launch-actuniger.md
https://www.tandfonline.com/doi/full/10.1080/14747731.2025.2599691,Cable wars: Mapping the political economy of submarine cables in an era of geoeconomic competition,2026-01-20,2026-01-20 Cable wars Mapping the political economy of submarine cables in an era of geoeconomic competition.md
https://www.telanon.info/sociedade/2026/01/22/51507/campanha-de-atribuicao-gratuita-do-bilhete-de-identidade-iniciou-se-no-ilheu-das-rolas-e-decorre-em-porto-alegre/,Campanha de atribuição gratuita do Bilhete de Identidade iniciou-se no Ilhéu das Rolas e decorre em Porto Alegre,2026-01-22,2026-01-22-campanha-bi-gratuito-ilheu-das-rolas.md
https://www.ecofinagency.com/news-digital/2701-52309-madagascar-tests-biometric-id-system,"Madagascar Tests Biometric ID System, Aims to Register 2 Million People by Mid-2026",2026-01-27,"2026-01-27 Madagascar Tests Biometric ID System, Aims to Register 2 Million People by Mid-2026.md"
https://techcabal.com/2026/01/28/kenya-central-bank-m-pesa-failure-economy-collapse/,M-Pesa has become too big for Kenya to fail,2026-01-28,2026-01-28-mpesa-too-big-to-fail-techcabal.md
https://techafricanews.com/2026/01/29/mauritania-launches-tender-for-satellite-internet-licenses-to-expand-connectivity/,Mauritania Launches Tender for Satellite Internet Licenses to Expand Connectivity,2026-01-29,2026-01-29-satellite-internet-licence-tender-are-techafricanews.md
https://www.sudanspost.com/can-a-digital-economy-exist-in-south-sudan-without-reliable-dpi/,Can a digital economy exist in South Sudan without reliable DPI,2026-01-30,2026-01-30 Can a digital economy exist in South Sudan without reliable DPI.md
https://techcabal.com/2026/01/30/nigeria-to-hold-a-minority-share-in-2-billion-nationwide-fibre-rollout/,Nigeria to hold 49% (minority) stake in World Bank-backed $2bn BRIDGE fibre project,2026-01-30,2026-01-30-nigeria-49pct-stake-bridge-fibre-spv.md
https://www.connectingafrica.com/connectivity/algeria-launches-second-satellite-in-2026,Algeria launches second satellite in 2026,2026-02-03,2026-02-03-alsat-3b-second-satellite-launch--connectingafrica.md
https://www.radiondekeluka.org/96398-starlink-nous-voulons-aller-vers-un-desenclavement-numerique,Starlink : « Nous voulons aller vers un désenclavement numérique » — entretien avec le ministre Justin Gourna-Nzacko,2026-02-03,2026-02-03-gourna-zacko-interview-desenclavement-numerique-radiondekeluka.md
https://www.ecofinagency.com/news-digital/0402-52574-google-launches-waxal,"Google launches WAXAL, an open-source voice dataset for African languages",2026-02-04,"2026-02-04 Google launches WAXAL, an open-source voice dataset for African languages.md"
https://lesoleil.sn/actualites/technologie/deploiement-de-starlink-letat-a-negocie-5-000-kits-pour-connecter-un-million-de-senegalais/,Deploiement de Starlink : l'Etat a negocie 5 000 kits pour connecter un million de Senegalais,2026-02-04,2026-02-04-lesoleil-starlink-5000-kits.md
https://itweb.africa/article/senegal-embraces-starlink-to-connect-the-future/KPNG8v8N5zxM4mwD,Senegal embraces Starlink to connect the future,2026-02-05,2026-02-05 Senegal embraces Starlink to connect the future.md
https://techcabal.com/2026/02/11/payaza-expands-east-african-footprint-with-uganda-license/,Payaza expands East African footprint with Uganda license,2026-02-11,2026-02-11-payaza-expands-uganda-pso-license.md
https://www.seneweb.com/fr/news/Entretien/alioune-sall-detaille-les-clauses-de-laccord-entre-le-gouvernement-et-starlink_n_483523.html,Alioune Sall detaille les clauses de l'accord entre le gouvernement et Starlink,2026-02-14,2026-02-14-seneweb-alioune-sall-clauses-starlink.md
https://www.businessday.co.za/news/2026-02-15-ramaphosa-bullish-on-data-centres-as-r50bn-expected-over-three-years/,Ramaphosa bullish on data centres as R50bn expected over three years,2026-02-15,2026-02-15-ramaphosa-data-centres-r50bn.md
https://standard.gm/expert-urges-govt-to-put-conditions-for-data-sovereignty-before-approving-starlink-licence/,Expert urges gov't to put conditions for data sovereignty before approving Starlink licence,2026-02-16,2026-02-16-expert-data-sovereignty-conditions-starlink-standard.md
https://www.newtimes.co.rw/article/33378/news/featured/bscs-starlink-authorisation-enhances-internet-reliability-in-rwanda,BSC's Starlink authorisation enhances internet reliability in Rwanda,2026-02-17,2026-02-17-bsc-starlink-reseller-newtimes.md
https://techcentral.co.za/icasa-gears-up-for-south-africas-next-big-spectrum-auction/277810/,Icasa gears up for South Africa's next big spectrum auction,2026-02-17,2026-02-17-icasa-next-spectrum-auction.md
https://techcabal.com/2026/02/17/francophone-weekly-by-techcabal-012/,Togo fintech Semoa wins full-service BCEAO licence (Francophone Weekly),2026-02-17,2026-02-17-techcabal-semoa-bceao-licence.md
https://techcabal.com/2026/02/17/telecoms-foreign-investment-rebounds-to-its-highest-level-since-2019/,Nigeria telecoms foreign investment rebounds to highest since 2019,2026-02-17,2026-02-17-telecoms-fdi-highest-since-2019.md
https://www.connectingafrica.com/regulation/,Starlink pushes for SA license with advocacy campaign,2026-02-18,2026-02-18 Starlink pushes for SA license with advocacy campaign.md
https://techcabal.com/2026/02/19/the-136bn-ai-bet-can-africa-break-down-its-data-borders/,Microsoft says AI could add $136 billion to Africa if data can move freely,2026-02-19,2026-02-19-microsoft-136bn-ai-cross-border-data.md
https://clubofmozambique.com/news/starlink-vodacom-bring-hope-to-flood-hit-mozambique/,"Starlink, Vodacom bring hope to flood-hit Mozambique",2026-02-19,2026-02-19-starlink-vodacom-flood-response-clubofmozambique.md
https://www.ecofinagency.com/kenya-india-and-italy-launch-trilateral-sovereign-ai-partnership/,"Kenya, India and Italy Launch Trilateral Sovereign AI Partnership for Africa",2026-02-20,"2026-02-20 Kenya, India and Italy Launch Trilateral Sovereign AI Partnership for Africa.md"
https://techreviewafrica.com/news/4133,Cameroon's TRB participates in ARTAC's 10th Ordinary Session in Kinshasa,2026-02-24,2026-02-24-trb-artac-10th-ordinary-session-kinshasa-ngso-techreviewafrica.md
https://lesoleil.sn/actualites/societe-fait-divers/internet-par-satellite-les-decisions-fortes-du-gouvernement/,Internet par satellite : les decisions fortes du gouvernement,2026-02-26,2026-02-26-lesoleil-internet-satellite-decisions-gouvernement.md
https://www.businessday.co.za/economy/2026-02-26-government-allocates-r3bn-for-sa-connect-digital-push/,Government allocates R3bn for SA Connect digital push,2026-02-26,2026-02-26-r3bn-sa-connect.md
https://thepoint.gm/africa/gambia/national-news/satellite-internet-debate-shifts-toward-balanced-national-connectivity-strategy,Satellite internet debate shifts toward balanced national connectivity strategy,2026-02-26,2026-02-26-satellite-internet-debate-connectivity-strategy-thepoint.md
https://www.accessnow.org/internet-shutdowns-2025/,Rising Repression Meets Global Resistance: Internet Shutdowns in 2025,2026-03-01,2026-03-01 Rising Repression Meets Global Resistance Internet Shutdowns in 2025.md
https://standard.gm/starlink-and-the-gambia-transparency-trust-and-the-cost-of-delay/,"Starlink and The Gambia: Transparency, trust, and the cost of delay",2026-03-03,2026-03-03-starlink-gambia-transparency-trust-delay-standard.md
https://www.mmegi.bw/news/universal-telecom-donates-starlink-internet-to-marang-jss/news,Universal Telecom donates Starlink Internet to Marang JSS,2026-03-04,2026-03-04-universal-telecom-donates-starlink-marang-jss.md
https://www.nation.sc/articles/29683/starlink-cleared-for-takeoff-in-seychelles,Starlink cleared for takeoff in Seychelles,2026-03-06,2026-03-06-nation-starlink-cleared-for-takeoff.md
https://itweb.africa/article/,Kenya begins audit of Airtel's Starlink Direct-to-Cell tech,2026-03-10,2026-03-10 Kenya begins audit of Airtel's Starlink Direct-to-Cell tech.md
https://techcabal.com/2026/03/12/fintechs-expanding-between-kenya-and-rwanda-may-soon-need-one-licence/,Fintechs expanding between Kenya and Rwanda may soon need one licence,2026-03-12,2026-03-12-kenya-rwanda-fintech-licence-passporting-techcabal.md
https://techafricanews.com/2026/03/12/how-satellites-are-accelerating-health-tech-in-africas-rural-landscape/,How Satellites Are Accelerating Health Tech in Africa's Rural Landscape,2026-03-12,2026-03-12-techafricanews-satellites-health-tech-rural-africa.md
https://sierraloaded.sl/news/natca-boss-rural-network-expansion-global/,NatCA DG Amara Brewah Urges Fair Spectrum Pricing for Rural Network Expansion at MWC Barcelona 2026,2026-03-13,2026-03-13-natca-spectrum-pricing-mwc-barcelona.md
https://www.connectingafrica.com/connectivity/starlink-beams-into-central-african-republic,Starlink beams into Central African Republic,2026-03-17,2026-03-17-starlink-beams-into-car-connectingafrica.md
https://www.agenceecofin.com/actualites-numerique/1703-136713-starlink-en-centrafrique-entre-couverture-nationale-et-defis-d-accessibilite,Starlink en Centrafrique — entre couverture nationale et défis d'accessibilité,2026-03-17,2026-03-17-starlink-commercial-launch-affordability-agenceecofin.md
https://www.radiondekeluka.org/98116-en-centrafrique-starlink-lance-officiellement-ses-activites,"En Centrafrique, Starlink lance officiellement ses activités",2026-03-17,2026-03-17-starlink-launch-deveag-radiondekeluka.md
https://techafricanews.com/2026/03/17/ivory-coast-and-us-strengthen-digital-cooperation-with-focus-on-starlink-and-tech-hub-development/,Ivory Coast and US Strengthen Digital Cooperation with Focus on Starlink and Tech Hub Development,2026-03-17,2026-03-17-us-digital-cooperation-starlink-tech-hub-techafricanews.md
https://techafricanews.com/2026/03/18/starlink-officially-launches-in-the-central-african-republic-to-boost-high-speed-internet-access/,Starlink Officially Launches in the Central African Republic to Boost High-Speed Internet Access,2026-03-18,2026-03-18-starlink-officially-launches-car-techafricanews.md
https://itweb.africa/article/car-taps-starlink-to-bridge-digital-divide/DZQ58MV8NJXvzXy2,CAR taps Starlink to bridge digital divide,2026-03-19,2026-03-19-car-taps-starlink-itweb.md
https://techcabal.com/2026/03/19/why-data-protection-has-become-africas-default-ai-policy-tool/,Why data protection has become Africa's default AI policy tool,2026-03-19,2026-03-19-data-protection-africas-default-ai-policy-tool.md
https://techcabal.com/2026/03/20/m-pesa-to-stop-sharing-full-phone-numbers-with-merchants-banks-by-end-of-2026/,"M-PESA privacy push to target merchant payments, bank transfers",2026-03-20,2026-03-20-mpesa-stop-sharing-phone-numbers-techcabal.md
https://lefaso.net/spip.php?article145231,Burkina : Le ministère de la Transition digitale lance son premier CASEM 2026 sous le signe de la souveraineté numérique,2026-03-23,2026-03-23-casem-2026-transition-digitale-souverainete-numerique.md
https://www.ecofinagency.com/news-digital/3103-54286-mobile-money-in-africa-strong-growth-but-adoption-still-falls-short,"Mobile Money in Africa: Strong Growth, but Adoption Still Falls Short",2026-03-24,"2026-03-24 Mobile Money in Africa Strong Growth, but Adoption Still Falls Short.md"
https://itweb.africa/article/namibia-puts-foot-down-against-musks-starlink/,Namibia puts foot down against Musk's Starlink,2026-03-24,2026-03-24 Namibia puts foot down against Musk's Starlink.md
https://www.namibian.com.na/cran-rejects-starlink-licence/,Cran rejects Starlink licence,2026-03-24,2026-03-24-cran-rejects-starlink-licence-namibian.md
https://www.namibiansun.com/technology/cran-rejects-starlink-licence-over-ownership-security-concerns-nmh008514-1-9656,"CRAN rejects Starlink licence over ownership, security concerns",2026-03-24,2026-03-24-cran-rejects-starlink-ownership-security-namibiansun.md
https://www.connectingafrica.com/regulation/starlink-blocked-from-operating-in-namibia,Starlink blocked from operating in Namibia,2026-03-26,2026-03-26 Starlink blocked from operating in Namibia.md
https://technomag.co.zw/potraz-issues-warning-to-unlicensed-data-controllers-as-compliance-deadline-lapses/,POTRAZ Issues Warning to Unlicensed Data Controllers as Compliance Deadline Lapses,2026-03-27,2026-03-27-potraz-warning-unlicensed-data-controllers.md
https://www.namibian.com.na/starlink-to-appeal-namibias-licence-rejection/,Starlink to appeal Namibia's licence rejection,2026-03-27,2026-03-27-starlink-to-appeal-namibia-licence-rejection-namibian.md
https://data-landscapers.com/2026/03/31/africa-data-problem/,"Africa, we have a data problem",2026-03-31,2026-03-31 Africa we have a data problem.md
https://www.ktpress.rw/2026/03/connecting-the-remaining-812-schools-takes-centre-stage-at-edtech-mondays-dialogue/,Connecting the Remaining 812 Schools Takes Centre Stage at EdTech Mondays Dialogue,2026-03-31,2026-03-31-connecting-812-schools-edtech-ktpress.md
https://www.namibiansun.com/economics/starlink-says-cran-licence-denial-unjustified-nmh008818-1-10138,Starlink says CRAN licence denial unjustified,2026-03-31,2026-03-31-starlink-says-cran-denial-unjustified-namibiansun.md
https://www.newvision.co.ug/category/business/ministry-of-ict-signs-partnership-to-boost-yo-NV_231014_062026,"Ministry of ICT signs partnership to boost youth skills, smart agriculture (AI labs)",2026-04-01,2026-04-01-ict-ministry-mou-un-health-china-ai-skills.md
https://techcabal.com/2026/04/03/kenswitch-visa-deal-stakes-kenya-payments-overhaul/,Kenswitch taps Visa to strengthen bid for Kenya's national switch,2026-04-03,2026-04-03-kenswitch-visa-national-switch-techcabal.md
https://actualite.cd/2026/04/03/maniema-somaf-group-ouvre-un-bureau-kindu-et-mise-sur-starlink-pour-resorber-le-deficit,Maniema : Somaf Group ouvre un bureau à Kindu et mise sur Starlink pour résorber le déficit de connectivité,2026-04-03,2026-04-03-somaf-group-kindu-starlink-actualite.md
https://itweb.africa/article/zimbabwe-switches-on-free-wifi-to-power-ai-future/,Zimbabwe switches on free wifi to power AI future,2026-04-07,2026-04-07 Zimbabwe switches on free wifi to power AI future.md
https://techcabal.com/2026/04/08/global-settlement-holdings-to-acquire-majority-stake-in-akiba/,GSH to acquire majority stake in Uganda's AKIBA to deepen tokenisation push,2026-04-08,2026-04-08-gsh-acquire-akiba-tokenised-capital-markets.md
https://www.adiac-congo.com/content/qualite-de-service-des-reseaux-mobiles-larpce-monte-la-pression-sur-mtn-et-airtel-169708,Qualité de service des réseaux mobiles : l'ARPCE monte la pression sur MTN et Airtel,2026-04-09,2026-04-09-arpce-mise-en-demeure-mtn-airtel-qos-ldb.md
https://lesoleil.sn/actualites/technologie/connectivite-universelle-le-senegal-vise-1-million-de-beneficiaires-dinternet-gratuit-dici-fin-2026/,Connectivite universelle : le Senegal vise 1 million de beneficiaires d'Internet gratuit d'ici fin 2026,2026-04-09,2026-04-09-lesoleil-connectivite-universelle-tournee.md
https://lesoleil.sn/actualites/technologie/new-deal-technologique-alioune-sall-lance-loffensive-contre-la-fracture-numerique-a-kolda/,New Deal Technologique : Alioune Sall lance l'offensive contre la fracture numerique a Kolda,2026-04-11,2026-04-11-lesoleil-alioune-sall-kolda-starlink.md
https://itweb.africa/article/amazons-9bn-satellite-deal-set-to-benefit-africa/kLgB17ezwwgM59N4,Amazon's $9bn satellite deal set to benefit Africa,2026-04-14,2026-04-14 Amazon's $9bn satellite deal set to benefit Africa.md
https://www.citizen.co.za/news/south-africa/was-starlink-offered-empowerment-pathway-to-get-into-sa/,Starlink blocked by ICASA rules despite empowerment pathway,2026-04-14,2026-04-14-starlink-blocked-icasa-empowerment-pathway.md
https://russellsouthwood.substack.com/p/the-long-view-what-ict4d-did-for,The Long View - What ICT4D did for Africa and why that deep past matters for today,2026-04-16,2026-04-16 The Long View - What ICT4D did for Africa and why that deep past matters for today.md
https://techcabal.com/2026/04/20/how-fawry-built-a-profitable-fintech/,How Egypt's Fawry built a $1 billion fintech,2026-04-20,2026-04-20-fawry-1bn-fintech-profile-techcabal.md
https://techcabal.com/2026/04/21/new-cbn-ncc-opens-telecom-data-to-banks/,CBN and NCC sign MoU (TIRMS) to share telecom data with banks for fraud checks,2026-04-21,2026-04-21-cbn-ncc-tirms-telecom-data-banks.md
https://techcabal.com/2026/04/23/mauritius-new-ai-strategy-sets-a-new-bar-ethics-before-execution/,Mauritius' new AI strategy sets a new bar: ethics before execution (FAIR framework) — TechCabal,2026-04-23,2026-04-23-ai-strategy-fair-ethics-before-execution-techcabal.md
https://techcentral.co.za/icasa-caught-in-the-political-crossfire-over-starlink/280644/,Icasa caught in the political crossfire over Starlink,2026-04-24,2026-04-24-icasa-political-crossfire-starlink.md
https://itweb.africa/article/mtn-eutelsat-partner-for-ivorian-broadband-rollout/kYbe9MXba9QvAWpG,"MTN, Eutelsat partner for Ivorian broadband rollout",2026-04-24,2026-04-24-mtn-eutelsat-broadband-partnership-itweb.md
https://techcabal.com/2026/04/28/techcabal-daily-car-blocks-starlink-roaming/,TechCabal Daily – CAR blocks Starlink roaming,2026-04-28,2026-04-28-car-blocks-starlink-roaming-techcabal.md
https://techafricanews.com/2026/04/28/central-african-republic-suspends-starlink-kits-citing-security-and-equipment-traceability-requirements/,Central African Republic Suspends Starlink Kits Citing Security and Equipment Traceability Requirements,2026-04-28,2026-04-28-car-suspends-starlink-kits-techafricanews.md
https://techafricanews.com/2026/04/28/eswatini-commissions-starlink-satellite-gateway-to-expand-nationwide-internet-connectivity/,Eswatini Commissions Starlink Satellite Gateway to Expand Nationwide Internet Connectivity,2026-04-28,2026-04-28-eswatini-commissions-starlink-satellite-gateway.md
https://technomag.co.zw/wp-content/uploads/2026/04/Q4-2025-Abridged-Sector-performance-report-HMed-final-1.pdf,Postal & Telecommunications Abridged Sector Performance Report — Fourth Quarter 2025,2026-04-29,2026-04-29-potraz-abridged-sector-performance-report-q4-2025.md
https://equityaxis.net/post/19033/2026/4/econet-s-5g-network-now-exceeds-netone-and-telecel-s-combined-infrastructure,Econet's 5G Network Now Exceeds NetOne and Telecel's Combined Infrastructure,2026-04-30,2026-04-30-econet-5g-exceeds-netone-telecel-combined.md
https://www.connectingafrica.com/connectivity/sierra-leone-invests-400m-in-telecoms-60-usage-gap-remains,"Sierra Leone invests $400M in telecom, 60% usage gap remains",2026-05-05,2026-05-05-sierra-leone-400m-telecom-usage-gap.md
https://www.newsday.co.zw/opinion-analysis/article/200055001/the-empire-strikes-back-why-liquids-fibre-price-war-is-threatening-starlinks-urban-reign,The empire strikes back: Why Liquid's fibre price war is threatening Starlink's urban reign,2026-05-07,2026-05-07-liquid-fibre-price-war-starlink.md
https://tracker.mzalendo.com/category/promise-category/ict/,"ICT — Promise Tracker (Kenya, Mzalendo)",2026-05-11,2026-05-11 Mzalendo ICT Promise Tracker Kenya.md
https://techcabal.com/2026/05/11/data-and-fintech-power-mtn-rwandas-return-to-profitability/,Data and fintech power MTN Rwanda's return to profitability,2026-05-11,2026-05-11-mtn-rwanda-return-to-profit-techcabal.md
https://www.connectingafrica.com/connectivity/drc-connectivity-improves-but-some-usage-power-supply-gaps-linger,"DRC connectivity improves but usage, power supply gaps linger",2026-05-13,2026-05-13-drc-connectivity-improves-usage-power-gaps-connectingafrica.md
https://www.citizen.co.za/news/south-africa/south-africas-starlink-dream-hits-legal-dead-end-icasa-rejects-malatsis-bee-plan/,South Africa's Starlink dream hits legal dead-end after ICASA rejects Malatsi's BEE plan,2026-05-14,2026-05-14-starlink-legal-deadend-icasa-rejects-bee.md
https://www.newvision.co.ug/category/business/starlink-enters-ugandas-telecom-sector-after-NV_233702_052026,Starlink enters Uganda's telecom sector after agreement signed at State House,2026-05-15,2026-05-15-starlink-enters-uganda-state-house-license.md
https://www.newsday.co.zw/local-news/article/200055470/govt-defends-starlink-rollout,Govt defends Starlink rollout,2026-05-16,2026-05-16-govt-defends-starlink-rollout.md
https://thepoint.gm/africa/gambia/headlines/starlinks-gambia-future-beyond-national-security-concerns-lies-economic-fear,Starlink's Gambia future: Beyond national security concerns lies economic fear,2026-05-18,2026-05-18-starlink-gambia-future-economic-fear-thepoint.md
https://www.newsday.co.zw/theindependent/business-digest/article/200055625/over-50-of-zims-fixed-broadband-now-wireless,Over 50% of Zim's fixed broadband now wireless,2026-05-19,2026-05-19-over-50pc-fixed-broadband-now-wireless.md
https://www.newsday.co.zw/theindependent/business-digest/article/200055624/measured-but-not-counted-how-starlink-broke-potrazs-bandwidth-framework,Measured but not counted: How Starlink broke Potraz's bandwidth framework,2026-05-19,2026-05-19-starlink-broke-potraz-bandwidth-framework.md
https://spaceinafrica.com/2026/05/19/madagascar-set-to-launch-starlink-direct-to-cell-services/,"Madagascar set to launch Starlink Direct-to-Cell services (SpaceX FCC notice, Airtel partnership)",2026-05-19,2026-05-19-starlink-direct-to-cell-fcc-airtel-spaceinafrica.md
https://www.connectingafrica.com/connectivity/starlink-gets-greenlight-in-uganda-airtel-tests-direct-to-cell,"Starlink gets greenlight in Uganda, Airtel tests direct-to-cell",2026-05-19,2026-05-19-starlink-provisional-license-airtel-d2c-test.md
https://www.digitalbusiness.africa/tchad-ladetic-celebre-un-an-du-point-dechange-internet-tchadix-bilan-et-perspectives/,"Tchad : l'ADETIC célèbre un an du point d'échange Internet TCHADIX, bilan et perspectives",2026-05-21,2026-05-21-digitalbusiness-tchadix-ixp-un-an.md
https://mediaguinee.com/2026/05/interdiction-des-activites-des-wifi-zones-et-restriction-du-ftth-la-fesatel-hausse-le-ton-et-menace-dune-greve-ni-les-appels-ne-marchent-ni-la-connexion-internet-ne-marche/,"FESATEL : restriction du FTTH et des Wifi-Zones, menace de grève ; Starlink « non reconnu » en Guinée",2026-05-21,2026-05-21-mediaguinee-fesatel-ftth-wifi-zones-starlink.md
https://www.semafor.com/article/05/22/2026/starlinks-africa-ambitions,How SpaceX is making a quiet bet on Africa,2026-05-22,2026-05-22 View How SpaceX is making a quiet bet on Africa.md
https://techcabal.com/2026/05/26/africa-risk-losing-billions-to-satellite-internet-operators/,"Africa risks losing billions to satellite internet operators, report says",2026-05-26,"2026-05-26 Africa risks losing billions to satellite internet operators, report says.md"
https://techcentral.co.za/mobile-operators-icasa-900mhz-spectrum/281897/,Mobile operators locked out as Icasa opens 900MHz of spectrum,2026-05-27,2026-05-27-operators-locked-out-900mhz-spectrum.md
https://techcabal.beehiiv.com/p/sa-delays-ai-policy-to-2027,SA delays AI policy to 2027,2026-05-27,2026-05-27-sa-delays-ai-policy-2027.md
https://www.nation.sc/articles/30901/in-the-national-assembly,"In the National Assembly: Starlink incorporated locally, services imminent — VP Pillay",2026-05-28,2026-05-28-nation-starlink-incorporated-locally.md
https://www.digitalbusiness.africa/tchad-a-washington-ndjamena-multiplie-les-contacts-avec-starlink-intersystems-et-dautres-geants-technologiques/,"Tchad : à Washington, N'Djamena multiplie les contacts avec Starlink, InterSystems et d'autres géants technologiques",2026-06-01,2026-06-01-digitalbusiness-washington-partenariats-tech.md
https://actualite.cd/2026/06/04/ebola-starlink-livre-150-kits-de-connexion-satellite-pour-appuyer-la-riposte-en-ituri,Ebola: Starlink livre 150 kits de connexion satellite pour appuyer la riposte en Ituri,2026-06-04,2026-06-04-starlink-kits-ebola-ituri-actualite.md
https://techcabal.com/2026/06/08/egypts-blnk-raises-37-million-to-expand-lending/,Blnk raises $37 million to target Egypt's underserved credit market,2026-06-08,2026-06-08-blnk-37m-raise-consumer-lending-techcabal.md
https://theseychellestimes.com/2026/06/08/starlink-satellite-internet-service-launches-in-seychelles/,Starlink satellite internet service launches in Seychelles,2026-06-08,2026-06-08-seychellestimes-starlink-launch.md
https://documents.worldbank.org/curated/en/099061826123027004/pdf/BOSIB-eeab9c88-27f5-404b-bf04-d448d9780618.pdf,"Project Appraisal Document - Digital Eswatini Project (P508948, Report No. PADHI01184)",2026-06-08,2026-06-08-worldbank-padhi01184-digital-eswatini-project.md
https://techcabal.com/2026/06/11/african-presidents-are-now-racing-ai-infrastructure/,Why African presidents are now racing on AI infrastructure,2026-06-11,2026-06-11-african-presidents-racing-ai-infrastructure.md
https://itweb.africa/article/starlink-drives-african-broadband-speeds-higher/GxwQD71DnGyvlPVo,Starlink drives African broadband speeds higher,2026-06-15,2026-06-15 Starlink drives African broadband speeds higher.md
https://techafricanews.com/2026/06/15/cote-divoire-accelerates-digital-push-with-starlink-licence-and-5g-launch/,Côte d'Ivoire Accelerates Digital Push with Starlink Licence and 5G Launch,2026-06-15,2026-06-15-starlink-licence-5g-launch-gouv-talk-techafricanews.md
https://insights.techcabal.com/who-owns-africas-sky/,Who Owns Africa's Sky?,2026-06-16,2026-06-16 Who Owns Africa's Sky.md
https://www.telecomreviewafrica.com/articles/general-news/28818-cote-divoire-unveils-next-phase-of-digital-growth-with-starlink-and-5g-expansion/,Côte d'Ivoire Unveils Next Phase of Digital Growth with Starlink and 5G Expansion,2026-06-16,2026-06-16-starlink-5g-digital-growth-telecomreview.md
https://www.connectingafrica.com/connectivity/starlink-to-go-live-in-c-te-d-ivoire-in-july,Starlink to go live in Côte d'Ivoire in July,2026-06-17,2026-06-17-starlink-launch-july-connectingafrica.md
https://www.connectingafrica.com/regulation/namibian-regulator-rejects-starlink-again,Namibian regulator rejects Starlink again,2026-06-24,2026-06-24-namibian-regulator-rejects-starlink-again-connectingafrica.md
https://www.telecomreviewafrica.com/articles/telecom-operators/28891-safaricom-strengthens-market-leadership-in-kenyas-broadband-sector/,Safaricom Strengthens Market Leadership in Kenya's Broadband Sector,2026-06-24,2026-06-24-safaricom-broadband-leadership-starlink-telecomreviewafrica.md
https://techcabal.com/2026/06/25/paystack-launches-ai-powered-checkout-for-nigerian-consumers/,Paystack launches AI-powered checkout (Paystack Index) for Nigerian consumers,2026-06-25,2026-06-25-paystack-index-ai-checkout.md
https://www.wearetech.africa/en/fils-uk/news/tech/burundi-advances-health-digitalization-with-broader-elmis-medexis-rollout,Burundi Advances Health Digitalization With Broader eLMIS Medexis Rollout,2026-06-26,2026-06-26-burundi-elmis-medexis-health-rollout-wearetech.md
https://www.newsday.co.zw/business/article/200057743/govt-debt-to-telone-doubles-to-us42m,Govt debt to TelOne doubles to US$42m,2026-06-29,2026-06-29-govt-debt-to-telone-doubles.md
https://techcentral.co.za/south-africas-broadband-future-is-being-decided-in-orbit-not-in-pretoria/283150/,"South Africa's broadband future is being decided in orbit, not in Pretoria",2026-06-30,2026-06-30-broadband-decided-in-orbit.md
https://techafricanews.com/2026/06/30/icasa-spells-out-satellite-licensing-rules-as-starlinks-south-africa-entry-remains-on-hold/,ICASA Spells Out Satellite Licensing Rules as Starlink's South Africa Entry Remains on Hold - TechAfrica News,2026-06-30,2026-06-30-icasa-satellite-licensing-rules-starlink-hold.md
https://www.connectingafrica.com/data-centers/lesotho-s-first-ai-data-center-set-to-shape-the-country-s-digital-economy,"Lesotho's first AI data centre (Convalt Energy, green-powered) to shape digital economy",2026-06-30,2026-06-30-lesotho-first-ai-data-center-connectingafrica.md
https://techcabal.com/2026/07/01/m-pesa-sees-kenya-financial-gap-credit/,Why M-PESA sees Kenya's next financial gap in credit,2026-07-01,2026-07-01-mpesa-next-financial-gap-credit-techcabal.md
https://techafricanews.com/2026/07/06/mozambique-explores-strategic-partnership-with-spacex-to-advance-digital-economy/,Mozambique Explores Strategic Partnership with SpaceX to Advance Digital Economy,2026-07-06,2026-07-06-explores-partnership-with-spacex-techafricanews.md
https://www.itweb.co.za/article/malatsi-addresses-starlink-lobbying-allegations/6GxRKqYQZzQqb3Wj,Malatsi addresses Starlink lobbying allegations | ITWeb,2026-07-06,2026-07-06-malatsi-starlink-lobbying-allegations.md
https://www.citizen.co.za/news/sita-investigation-flags-r2bn-irregular-spending-and-governance-weaknesses/,Sita investigation flags R2bn irregular spending and governance weaknesses | The Citizen,2026-07-06,2026-07-06-sita-r2bn-irregular-spending.md
https://www.agenceecofin.com/actualites-numerique/0707-139950-mauritanie-trois-entreprises-selectionnees-pour-fournir-des-services-telecoms-par-satellite,Mauritanie : trois entreprises sélectionnées pour fournir des services télécoms par satellite,2026-07-07,2026-07-07-mauritanie-trois-entreprises-selectionnees-services-telecoms-satellite.md
https://techcabal.com/2026/07/07/francophone-weekly-by-techcabal-030/,Why Senegal launched a $50 million startup fund (Catalyst DER/FJ),2026-07-07,2026-07-07-techcabal-catalyst-derfj-50m-fund.md
https://itweb.africa/article/linx-expands-kenya-peering-network/5yONP7ErXpRMXWrb,LINX expands Kenya peering network,2026-07-10,2026-07-10-linx-kenya-peering-network-itweb.md
https://techcabal.com/2026/07/14/francophone-weekly-by-techcabal-031/,Inside WAEMU's push for a unified fintech market (Francophone Weekly),2026-07-14,2026-07-14-waemu-unified-fintech-market.md
https://techcabal.com/2026/07/14/why-south-african-banks-charge-for-instant-payments/,Why South African banks still charge for instant payments,2026-07-14,2026-07-14-why-sa-banks-charge-instant-payments.md
https://www.telecomreviewafrica.com/articles/general-news/28982-madagascar-conducts-first-direct-to-cell-satellite-trial-advancing-digital-inclusion/,"Madagascar conducts first Direct-to-Cell satellite trial (Airtel + SpaceX, Sadabe, 11 July)",2026-07-15,2026-07-15-direct-to-cell-satellite-trial-telecomreviewafrica.md
https://www.dailymaverick.co.za/article/2026-07-15-herotel-chosen-as-amazon-leo-distributor-in-maziv-race-for-satellite-internet/,Herotel chosen as Amazon Leo distributor in race for satellite internet,2026-07-15,2026-07-15-herotel-amazon-leo-distributor.md
https://www.newsday.co.zw/local-news/article/200058335/internet-traffic-surges-57,Internet traffic surges 57% (Q1 2026 POTRAZ sector data),2026-07-15,2026-07-15-internet-traffic-surges-57pc-q1-2026.md
https://mybroadband.co.za/news/government/658241-cyril-ramaphosa-and-solly-malatsi-meet-amazon-to-discuss-starlink-competitor.html,Cyril Ramaphosa and Solly Malatsi meet Amazon to discuss Starlink competitor – MyBroadband,2026-07-15,2026-07-15-ramaphosa-malatsi-meet-amazon.md
https://techcabal.com/2026/07/16/amazon-enters-south-africa-startlink/,Why Amazon partnered where Starlink pushed back in South Africa,2026-07-16,2026-07-16-why-amazon-partnered-where-starlink-pushed-back.md
https://fpa.news/liberia-lta-unveils-sweeping-telecom-reforms-revokes-star-cell-license-after-six-years-of-inactivity/,"Liberia: LTA Unveils Sweeping Telecom Reforms, Revokes Star Cell License After Six Years of Inactivity",2026-07-17,2026-07-17-lta-telecom-reforms-star-cell-revoked-fpa.md
https://www.agenceecofin.com/actualites-numerique/1707-140264-centrafrique-une-nouvelle-tentative-de-relance-de-socatel-chiffree-a-150-millions-usd,Centrafrique : une nouvelle tentative de relance de SOCATEL chiffrée à 150 millions USD,2026-07-17,2026-07-17-socatel-greenline-relance-150m-agenceecofin.md
https://www.newsday.co.zw/local-news/article/200058417/starlink-kits-gather-dust-at-government-rural-hospitals-as-parent-ministry-dithers-on-subscription,Starlink kits gather dust at government rural hospitals as parent ministry dithers on subscription,2026-07-17,2026-07-17-starlink-kits-gather-dust-rural-hospitals.md
https://mybroadband.co.za/news/broadband/658586-starlink-launches-in-27th-african-country-before-south-africa.html,Starlink launches in 27th African country before South Africa,2026-07-17,2026-07-17-starlink-launches-27th-african-country-ivory-coast.md
https://techafricanews.com/2026/07/17/us-expands-cote-divoire-tech-footprint-with-starlink-approval-and-170m-data-centre-project/,US Expands Côte d'Ivoire Tech Footprint with Starlink Approval and $170m Data Centre Project,2026-07-17,2026-07-17-us-starlink-approval-170m-data-centre-garcia-techafricanews.md
https://techafricanews.com/2026/07/17/zambia-eyes-ai-leadership-following-global-robotics-challenge-milestone/,Zambia Eyes AI Leadership Following Global Robotics Challenge Milestone,2026-07-17,2026-07-17-zambia-ai-leadership-robotics-challenge.md
https://www.wearetech.africa/fr/fils/actualites/telecom/connectivite-gouvernementale-la-zambie-lance-un-reseau-4g-prive,Connectivité gouvernementale : la Zambie lance un réseau 4G privé,2026-07-17,2026-07-17-zambie-lance-reseau-4g-prive-govlink.md
https://techafricanews.com/2026/07/17/zimbabwe-unveils-digital-roadmap-to-accelerate-msme-growth/,Zimbabwe Unveils Digital Roadmap to Accelerate MSME Growth,2026-07-17,2026-07-17-zimbabwe-digital-roadmap-msme-growth.md
https://www.connectingafrica.com/connectivity/starlink-live-in-c-te-d-ivoire-and-seychelles,Starlink live in Côte d'Ivoire and Seychelles,2026-07-20,2026-07-20-starlink-live-cote-divoire-seychelles.md
https://techafricanews.com/2026/07/22/starlink-launches-in-seychelles-offering-new-high-speed-internet-option/,"Starlink Launches in Seychelles, Offering New High-Speed Internet Option",2026-07-22,2026-07-22-starlink-seychelles-launch.md
